{
    "accuracy_score": 0.9114954221770092,
    "precision_score": 0.9264238173300161,
    "recall_score": 0.9114954221770092,
    "f1_score": 0.9173276705873911,
    "classification_report": {
        "negative": {
            "precision": 0.5238095238095238,
            "recall": 0.7096774193548387,
            "f1-score": 0.6027397260273972,
            "support": 93.0
        },
        "positive": {
            "precision": 0.9684947491248541,
            "recall": 0.9325842696629213,
            "f1-score": 0.9502003434459073,
            "support": 890.0
        },
        "accuracy": 0.9114954221770092,
        "macro avg": {
            "precision": 0.746152136467189,
            "recall": 0.8211308445088801,
            "f1-score": 0.7764700347366522,
            "support": 983.0
        },
        "weighted avg": {
            "precision": 0.9264238173300161,
            "recall": 0.9114954221770092,
            "f1-score": 0.9173276705873911,
            "support": 983.0
        }
    }
}